BMI区间,人数,推荐时点(周),风险等级,阈值3.5%推荐(周),阈值4.5%推荐(周)
"(20.7, 28.1]",10,20.77,高风险(13-27周),20.77142857142857,22.307142857142853
"(28.1, 34.5]",210,17.6,高风险(13-27周),16.207142857142856,20.099999999999998
"(34.5, 35.1]",10,20.47,高风险(13-27周),20.47142857142857,20.47142857142857
"(35.1, 36.1]",11,13.57,高风险(13-27周),13.571428571428571,13.571428571428571
"(36.1, 45.0]",19,24.24,高风险(13-27周),22.199999999999996,24.36428571428571
